{"val_loss":2.7628324031829834,"val_accuracy":0.23232323232323232,"_wandb":{"runtime":52},"_timestamp":1.73091360335142e+09,"_runtime":52.633879625,"_step":9,"train_loss":0.39256946955408367}