{"_step":99,"train_loss":12.049139499664307,"val_loss":12.049139499664307,"_wandb":{"runtime":969},"val_accuracy":0.16161616161616163,"_timestamp":1.730915647940127e+09,"_runtime":969.347026708}