{"_wandb":{"runtime":262},"_runtime":262.550566667,"_step":99,"train_loss":5.260788679122925,"val_loss":5.260788679122925,"val_accuracy":0.1717171717171717,"_timestamp":1.7309015592979982e+09}