{"_step":99,"train_loss":4.158883094787598,"_wandb":{"runtime":257},"val_loss":4.158883094787598,"val_accuracy":0.0707070707070707,"_timestamp":1.730897858683429e+09,"_runtime":257.925473709}