{"val_loss":3.1914806365966797,"_wandb":{"runtime":1263},"val_accuracy":0.20202020202020202,"_timestamp":1.730903636279951e+09,"_runtime":1263.060351709,"_step":499,"train_loss":3.1914806365966797}