{"_runtime":22.333124125,"_step":6,"train_loss":2.195854902267456,"val_loss":2.195854902267456,"val_accuracy":0.20202020202020202,"_timestamp":1.730908475285409e+09,"_wandb":{"runtime":37}}