{"_step":99,"train_loss":3.906388282775879,"val_loss":3.906388282775879,"val_accuracy":0.25252525252525254,"_wandb":{"runtime":257},"_timestamp":1.7309019101892018e+09,"_runtime":257.159985166}