{"_timestamp":1.7309004679918458e+09,"_runtime":82.416311417,"_step":29,"train_loss":3.1474099159240723,"_wandb":{"runtime":87},"val_loss":3.1474099159240723,"val_accuracy":0.2222222222222222}