{"_runtime":268.166147,"_wandb":{"runtime":268},"_step":99,"train_loss":3.61454975605011,"val_loss":3.61454975605011,"val_accuracy":0.21212121212121213,"_timestamp":1.730900744467593e+09}