{"train_loss":2.158040761947632,"_wandb":{"runtime":324},"val_loss":2.158040761947632,"val_accuracy":0.20202020202020202,"_timestamp":1.730916801003529e+09,"_runtime":278.592069,"_step":99}